repo_name,created_at,last_commit_time,commit_time,bq-create_days,last-bq_days
18F/rdbms-subsetter,2014-10-30 21:08:43+00:00,2017-12-13 16:25:08+00:00,2017-10-21 14:15:26+00:00,1086,53
6aika/issue-reporting,2016-04-19 11:25:19+00:00,2017-05-17 14:11:55+00:00,2016-06-22 09:20:54+00:00,63,329
Asana/bazel,2016-08-30 19:16:22+00:00,2017-03-16 19:51:47+00:00,2016-01-14 20:10:08+00:00,-229,426
Asana/boto,2015-02-25 06:51:39+00:00,2016-03-14 17:38:10+00:00,2014-07-19 03:51:18+00:00,-222,604
Autodesk/molecular-design-toolkit,2016-07-14 17:35:49+00:00,2017-12-06 20:27:48+00:00,2016-07-06 22:11:24+00:00,-8,517
Brilliant/sinaweibo_crawler,2015-01-05 05:44:57+00:00,2015-03-24 08:13:02+00:00,2015-03-24 08:13:02+00:00,78,0
Capgemini/PyPomVisualiser,2015-04-09 07:28:23+00:00,2015-10-28 11:57:18+00:00,2015-04-23 13:54:58+00:00,14,187
CenterForOpenScience/SHARE,2014-06-27 15:19:21+00:00,2020-01-13 14:48:09+00:00,2017-03-22 19:27:52+00:00,999,1026
Clever/Diamond,2015-06-02 18:49:29+00:00,2017-01-10 22:25:46+00:00,2015-08-27 05:38:01+00:00,85,502
CloverHealth/pycon2017,2017-03-22 15:53:31+00:00,2019-11-30 17:25:17+00:00,2017-04-23 05:42:49+00:00,31,951
DataDog/beaker_extensions,2012-02-23 17:05:28+00:00,2019-05-07 20:14:08+00:00,2019-04-30 19:05:53+00:00,2623,7
DataDog/dd-agent-batman,2014-04-29 19:18:58+00:00,2014-04-30 16:29:19+00:00,2014-04-29 19:15:58+00:00,-1,0
DataDog/dogapi,2011-02-10 04:19:45+00:00,2015-03-16 22:31:31+00:00,2012-06-06 04:43:28+00:00,482,1013
DataDog/vbench,2013-12-04 15:50:56+00:00,2013-07-02 04:13:45+00:00,2013-06-28 16:19:37+00:00,-159,3
Flat/JiyuuBot,2014-02-22 06:57:09+00:00,2015-10-21 14:39:29+00:00,2015-06-17 06:59:50+00:00,480,126
FundersClub/fire,2017-02-15 19:44:40+00:00,2020-02-17 19:07:13+00:00,2018-10-10 21:32:08+00:00,602,494
GeekPark/shareading,2017-05-08 03:11:59+00:00,2018-05-30 06:07:50+00:00,2017-09-29 10:50:37+00:00,144,242
HubSpot/docker-registry,2015-04-02 14:58:03+00:00,2015-03-27 18:35:21+00:00,2014-09-26 22:00:26+00:00,-188,181
HubSpot/lead.js,2014-08-04 18:18:36+00:00,2014-08-04 06:31:40+00:00,2013-05-27 21:51:19+00:00,-434,433
IndonesiaX/edx-platform,2015-07-15 08:42:02+00:00,2016-01-20 07:09:06+00:00,2015-06-06 12:48:36+00:00,-39,227
Instagram/cassandra,2013-05-15 00:07:43+00:00,2019-07-15 16:48:18+00:00,2016-07-25 00:45:04+00:00,1167,1085
Instagram/django,2011-03-21 23:00:38+00:00,2014-01-14 23:39:39+00:00,2008-08-17 21:09:28+00:00,-947,1976
Knotis/djangocassandra,2014-04-04 00:51:33+00:00,2017-02-16 20:49:34+00:00,2017-01-19 22:10:22+00:00,1021,27
Kray/qmdc,2011-09-29 16:17:21+00:00,2013-04-02 18:54:32+00:00,2012-04-27 16:13:05+00:00,210,340
MateLabs/All-Conv-Keras,2017-03-06 10:10:06+00:00,2017-08-21 15:26:45+00:00,2017-06-14 06:19:23+00:00,99,68
MediaFire/mediafire-python-open-sdk,2014-10-24 19:03:14+00:00,2016-11-16 03:16:22+00:00,2016-11-16 02:43:00+00:00,753,0
Medium/phantomjs-1,2015-02-03 21:18:59+00:00,2015-02-01 05:13:44+00:00,2010-09-30 16:14:09+00:00,-1588,1584
Microsoft/TypeScript-Sublime-Plugin,2014-12-15 22:30:20+00:00,2020-02-20 09:10:07+00:00,2016-02-24 23:23:25+00:00,436,1456
Microsoft/vsminecraft,2015-04-23 00:24:09+00:00,2015-11-12 20:02:44+00:00,2015-02-10 08:14:37+00:00,-72,275
MinnPost/minnpost-metro-parcels,2014-05-07 18:53:19+00:00,2014-05-20 21:53:15+00:00,2014-05-20 13:53:42+00:00,12,0
MycroftAI/mycroft-core,2016-05-20 14:11:07+00:00,2020-03-17 01:36:48+00:00,2020-01-10 15:26:48+00:00,1330,66
Netuitive/Diamond,2015-05-28 13:48:17+00:00,2017-01-26 19:31:04+00:00,2015-08-27 05:38:01+00:00,90,518
Nordstrom/colorific,2013-09-13 22:25:03+00:00,2013-05-30 00:55:34+00:00,2013-05-05 15:03:36+00:00,-132,24
OpenGov/grid_walker,2013-10-21 17:28:53+00:00,2015-03-06 23:31:47+00:00,2015-03-06 23:31:47+00:00,501,0
OpenHumans/open-humans,2014-07-16 19:44:07+00:00,2020-03-06 18:58:21+00:00,2019-03-15 23:19:11+00:00,1703,356
OpenHumans/open-humans-data-processing,2014-09-29 15:37:08+00:00,2018-01-18 01:08:21+00:00,2016-08-23 18:04:38+00:00,694,512
PolicyStat/django-tables,2011-12-13 20:55:24+00:00,2019-04-25 19:22:21+00:00,2019-04-25 03:56:33+00:00,2689,0
RTBHOUSE/pandas-gbq,2017-02-10 10:02:15+00:00,2017-09-19 15:54:37+00:00,2017-09-19 15:54:37+00:00,221,0
Runscope/graphite-beacon,2015-07-07 16:44:38+00:00,2015-09-29 17:28:56+00:00,2015-09-22 18:36:34+00:00,77,6
Seagate/kinetic-c,2014-08-21 16:00:16+00:00,2016-05-13 13:38:04+00:00,2015-03-13 12:59:12+00:00,203,427
Seagate/kinetic-sheepdog,2014-09-12 18:08:09+00:00,2014-11-17 16:42:00+00:00,2010-09-30 16:14:09+00:00,-1444,1509
Sendhub/sendhub-python,2013-09-16 19:33:24+00:00,2019-02-26 19:40:46+00:00,2019-02-25 20:56:11+00:00,1988,0
Solcast/howto-pandas,2017-09-28 23:03:47+00:00,2017-10-26 03:42:55+00:00,2017-10-04 18:24:19+00:00,5,21
StudyBlue/sblibs,2017-09-14 20:00:27+00:00,2017-10-06 17:54:21+00:00,2017-09-18 22:37:19+00:00,4,17
TalkingData/Myna,2016-09-20 14:01:56+00:00,2018-07-04 06:38:14+00:00,2017-01-22 13:47:50+00:00,123,527
TribeMedia/sky_engine,2015-08-20 16:50:17+00:00,2015-08-20 16:30:59+00:00,2015-07-16 18:44:14+00:00,-35,34
TriumphLLC/3DSlides,2016-05-10 14:10:07+00:00,2017-06-15 13:01:51+00:00,2017-06-09 14:10:35+00:00,395,5
TriumphLLC/FashionProject,2015-08-07 11:58:08+00:00,2017-02-08 17:11:26+00:00,2017-01-20 17:29:51+00:00,532,18
TriumphLLC/Gerber.Club,2015-08-07 11:58:08+00:00,2017-02-08 17:11:26+00:00,2017-01-20 17:29:51+00:00,532,18
TuSimple/simpledet,2019-01-29 08:28:55+00:00,2020-03-09 09:30:06+00:00,2019-01-29 09:01:44+00:00,0,405
UnitedIncome/serverless-python-requirements,2016-12-15 00:29:44+00:00,2020-02-25 15:35:31+00:00,2017-12-14 00:08:30+00:00,363,803
UrQA/URQA-Server,2013-11-07 11:03:52+00:00,2015-12-20 18:54:35+00:00,2010-09-30 16:14:09+00:00,-1134,1907
Wikia/pybindxml,2014-08-14 19:15:05+00:00,2014-08-14 19:19:40+00:00,2014-08-14 19:19:40+00:00,0,0
Yelp/avro,2014-05-13 16:22:03+00:00,2017-04-17 19:28:37+00:00,2017-01-25 20:07:40+00:00,988,81
Yelp/beans,2017-02-14 19:44:52+00:00,2019-09-22 16:14:46+00:00,2019-09-22 16:14:46+00:00,949,0
Yelp/environment_tools,2015-11-10 01:51:18+00:00,2019-08-06 14:13:52+00:00,2016-10-20 18:37:19+00:00,345,1019
Yelp/fullerite,2015-07-20 07:01:49+00:00,2020-03-17 16:52:23+00:00,2016-02-24 13:14:34+00:00,219,1483
Yelp/kafka-python,2015-07-08 23:26:55+00:00,2019-11-04 21:43:50+00:00,2017-03-03 18:57:15+00:00,603,976
Yelp/kafka-utils,2016-04-07 20:50:50+00:00,2020-03-10 16:35:37+00:00,2017-07-27 20:40:03+00:00,475,956
Yelp/love,2016-03-30 17:41:25+00:00,2019-08-06 08:46:53+00:00,2017-02-13 23:22:29+00:00,320,903
Yelp/paasta,2015-10-26 21:35:53+00:00,2020-03-17 23:04:58+00:00,2019-07-29 22:10:20+00:00,1372,232
Yelp/send_nsca,2012-04-07 01:00:08+00:00,2016-04-29 21:43:12+00:00,2016-04-29 19:56:01+00:00,1483,0
Yelp/sqlparse,2015-03-16 17:07:44+00:00,2016-05-31 17:53:21+00:00,2011-12-15 07:56:57+00:00,-1188,1629
Yelp/undebt,2016-07-25 21:08:40+00:00,2017-07-10 02:24:35+00:00,2016-08-19 23:53:43+00:00,25,324
Yelp/uwsgi_metrics,2014-10-28 17:33:23+00:00,2015-12-03 01:28:04+00:00,2015-06-09 18:09:43+00:00,224,176
Zemanta/breda,2014-01-31 17:18:25+00:00,2018-04-18 09:27:22+00:00,2018-04-18 09:27:22+00:00,1537,0
Ziggeo/php-ffmpeg-toolkit,2013-10-08 18:38:16+00:00,2019-03-02 22:27:22+00:00,2016-01-12 19:54:48+00:00,826,1145
adobe/avmplus,2015-12-16 02:42:47+00:00,2016-03-24 00:57:47+00:00,2013-12-03 00:04:04+00:00,-744,842
adobe/chromium,2012-05-02 01:09:39+00:00,2012-05-04 02:33:18+00:00,2008-07-27 00:38:33+00:00,-1376,1377
airbnb/streamalert,2017-01-22 01:10:56+00:00,2019-08-30 21:59:02+00:00,2018-11-30 20:30:39+00:00,677,273
algolia/algoliasearch-client-python,2013-05-22 13:57:40+00:00,2020-03-09 09:19:38+00:00,2019-04-02 11:44:33+00:00,2140,341
alivecor/tensorflow,2016-10-24 18:05:01+00:00,2017-09-08 18:52:07+00:00,2016-06-02 20:41:12+00:00,-144,462
amd/furious.js,2014-05-13 14:17:28+00:00,2018-10-09 01:47:21+00:00,2014-05-17 00:36:19+00:00,3,1606
andela/troupon,2015-08-12 09:56:57+00:00,2017-10-19 18:45:43+00:00,2016-08-01 12:06:16+00:00,355,444
athento/hocr-parser,2015-09-21 18:12:27+00:00,2015-09-23 09:01:27+00:00,2015-09-23 09:01:27+00:00,1,0
bankonme/bitcointools,2015-08-27 21:17:28+00:00,2014-03-18 17:17:31+00:00,2014-03-18 16:10:55+00:00,-528,0
bankonme/niix-linux,2015-08-24 02:13:21+00:00,2015-07-13 09:12:01+00:00,2015-01-28 08:27:14+00:00,-208,166
bankonme/python-keepkey,2015-09-27 02:46:45+00:00,2015-09-02 19:10:28+00:00,2014-07-26 15:15:12+00:00,-428,403
better/crossfader,2015-02-21 00:07:25+00:00,2015-10-28 13:21:05+00:00,2015-04-19 18:31:12+00:00,57,191
bigcommerce/bigcommerce-api-python,2011-09-07 04:48:59+00:00,2019-08-10 18:17:03+00:00,2018-12-14 21:03:27+00:00,2655,238
bileto/transitfeed,2017-08-18 10:47:17+00:00,2017-08-18 16:54:46+00:00,2014-10-23 00:39:55+00:00,-1031,1030
biolab/orange,2014-09-03 07:09:36+00:00,2017-09-21 09:42:35+00:00,2008-08-02 14:20:05+00:00,-2223,3336
biolab/orange3-imageanalytics,2016-06-20 16:04:17+00:00,2020-02-05 09:04:24+00:00,2019-05-10 12:37:17+00:00,1053,270
biolab/red,2013-12-31 19:19:35+00:00,2014-08-25 17:29:36+00:00,2014-01-01 18:10:55+00:00,0,235
bloomberg/bqplot,2015-09-26 04:02:18+00:00,2020-03-17 13:38:17+00:00,2019-04-29 11:10:24+00:00,1311,323
bosondata/badwolf,2016-09-08 07:18:49+00:00,2019-07-11 02:44:22+00:00,2019-07-10 05:33:52+00:00,1034,0
bosondata/chrome-prerender,2017-03-21 07:36:58+00:00,2018-08-16 15:31:56+00:00,2018-08-16 09:30:38+00:00,513,0
bq/horus,2015-01-07 11:51:26+00:00,2016-06-03 09:34:08+00:00,2016-04-25 13:24:40+00:00,474,38
buffer/anacapa,2016-03-15 09:21:45+00:00,2016-06-22 12:11:23+00:00,2016-03-15 09:16:56+00:00,-1,99
caffee/TrendSpottr.sublime-package,2013-06-15 12:52:38+00:00,2013-09-21 15:01:39+00:00,2013-07-28 09:45:38+00:00,42,55
caffee/Unicode.sublime-package,2013-07-27 10:22:37+00:00,2013-09-21 05:18:52+00:00,2013-08-28 18:30:25+00:00,32,23
caffee/Velocity.sublime-package,2013-09-15 01:44:23+00:00,2013-09-21 16:57:00+00:00,2013-09-15 01:50:29+00:00,0,6
cbr/EQ-lips-firmware,2010-10-24 10:13:02+00:00,2010-11-08 20:54:03+00:00,2010-10-22 10:37:36+00:00,-2,17
cloudflare/phantomjs,2013-03-07 17:03:36+00:00,2016-03-09 14:27:32+00:00,2010-09-30 16:14:09+00:00,-890,1986
clovis/PhiloLogic4,2016-04-11 01:10:40+00:00,2017-07-21 17:39:28+00:00,2017-02-02 20:34:51+00:00,297,168
cni/nimsdata,2015-02-20 18:59:57+00:00,2017-05-10 20:05:30+00:00,2014-11-25 00:14:33+00:00,-88,897
cni/psych204a,2013-09-24 19:04:30+00:00,2016-01-07 05:44:20+00:00,2013-09-24 21:02:02+00:00,0,834
cni/t1fit,2014-11-17 19:10:02+00:00,2018-08-09 01:38:56+00:00,2016-04-22 18:33:31+00:00,521,838
coala/corobo,2017-05-09 07:33:45+00:00,2019-05-25 13:45:47+00:00,2018-07-29 04:43:02+00:00,445,300
collectiveacuity/labPack,2016-05-30 19:09:45+00:00,2018-09-22 18:59:00+00:00,2017-07-27 18:04:02+00:00,422,422
craftbase/chicago-murders,2017-05-23 18:05:22+00:00,2017-11-06 18:21:21+00:00,2017-05-31 08:22:36+00:00,7,159
dad/mrna-prot,2015-04-10 15:08:31+00:00,2015-05-07 16:18:39+00:00,2015-05-01 20:29:03+00:00,21,5
datascopeanalytics/chicago-new-business,2015-08-20 15:13:42+00:00,2016-08-29 21:13:59+00:00,2015-08-28 13:57:14+00:00,7,367
datastax/python-driver,2013-07-08 19:02:31+00:00,2020-03-16 12:49:35+00:00,2015-08-12 11:13:09+00:00,764,1678
depop/txstatsd,2013-02-02 23:20:21+00:00,2016-10-03 10:32:22+00:00,2012-06-28 17:29:26+00:00,-220,1557
devsar/ae-people,2012-03-02 18:18:42+00:00,2012-07-19 21:47:55+00:00,2012-03-02 18:51:41+00:00,0,139
devsar/django-gae-backends,2012-04-09 17:30:21+00:00,2014-10-11 22:49:35+00:00,2012-05-16 23:28:29+00:00,37,877
disqus/nose-performance,2012-08-24 21:33:18+00:00,2012-10-31 22:35:48+00:00,2012-08-28 20:42:12+00:00,3,64
disqus/pgshovel,2015-08-11 21:49:27+00:00,2015-12-08 06:00:29+00:00,2015-08-14 18:01:58+00:00,2,115
docker/docker-registry,2013-04-16 01:04:54+00:00,2015-06-09 00:09:06+00:00,2014-09-26 22:00:26+00:00,528,255
doordash/auto_ml,2016-09-22 20:18:49+00:00,2018-01-26 21:29:13+00:00,2017-04-03 05:44:34+00:00,192,298
douban/Kenshin,2016-04-21 12:41:37+00:00,2017-08-10 05:01:41+00:00,2016-05-12 02:42:33+00:00,20,455
douban/PyCharlockHolmes,2013-04-15 11:50:41+00:00,2018-05-06 10:21:29+00:00,2013-04-15 10:03:40+00:00,-1,1847
douban/python-libmemcached,2012-02-23 06:44:09+00:00,2015-10-28 04:32:00+00:00,2014-12-04 09:09:34+00:00,1015,327
douban/tfmesos,2016-04-18 06:44:24+00:00,2018-08-23 09:36:40+00:00,2017-05-10 05:52:40+00:00,386,470
dropbox/bazel,2015-11-10 07:52:16+00:00,2018-08-06 16:05:02+00:00,2010-09-30 16:14:09+00:00,-1867,2866
dropbox/changes-mesos-framework,2014-07-14 18:50:26+00:00,2016-05-05 17:09:59+00:00,2016-05-02 23:29:14+00:00,658,2
dropbox/dropbox-sdk-python,2015-06-12 22:23:27+00:00,2019-08-14 19:56:23+00:00,2018-04-15 00:38:08+00:00,1037,486
dropbox/hocrux,2015-09-25 19:42:46+00:00,2015-09-25 20:20:16+00:00,2015-09-25 19:52:27+00:00,0,0
dropbox/zxcvbn,2012-02-28 03:25:54+00:00,2017-10-13 00:39:04+00:00,2015-11-10 06:53:36+00:00,1351,702
edx/XBlock,2013-03-11 18:35:36+00:00,2020-03-17 14:22:04+00:00,2018-09-05 17:36:28+00:00,2003,558
edx/course-discovery,2015-11-09 20:57:54+00:00,2020-03-18 11:40:29+00:00,2019-10-22 13:03:35+00:00,1442,147
edx/datajam,2013-12-02 21:26:00+00:00,2014-12-02 16:06:21+00:00,2013-12-03 20:45:53+00:00,0,363
edx/django-rest-framework,2015-09-22 20:03:51+00:00,2017-07-10 20:16:18+00:00,2016-11-01 10:38:56+00:00,405,251
edx/dogapi,2014-05-08 14:36:50+00:00,2014-05-07 19:50:09+00:00,2012-06-06 04:43:28+00:00,-702,700
edx/ease,2012-10-24 18:58:13+00:00,2019-12-12 13:41:07+00:00,2013-02-26 22:03:22+00:00,125,2479
edx/ecommerce,2015-02-02 06:55:15+00:00,2020-03-17 15:41:45+00:00,2020-02-24 08:26:16+00:00,1848,22
edx/ecommerce-scripts,2015-06-30 18:27:03+00:00,2020-02-24 08:25:16+00:00,2017-09-07 09:51:58+00:00,799,899
edx/edx-analytics-dashboard,2014-06-17 22:14:33+00:00,2020-03-17 18:32:07+00:00,2017-08-18 19:42:18+00:00,1157,941
edx/edx-analytics-data-api,2014-06-02 18:55:15+00:00,2020-03-16 19:53:30+00:00,2020-03-03 19:54:01+00:00,2101,12
edx/edx-analytics-pipeline,2014-08-13 19:57:17+00:00,2020-03-13 01:28:22+00:00,2017-05-18 12:02:38+00:00,1008,1029
edx/edx-certificates,2014-03-20 17:22:46+00:00,2019-12-20 12:07:10+00:00,2015-08-21 20:24:21+00:00,519,1581
edx/edx-enterprise,2016-10-12 13:48:42+00:00,2020-03-16 13:10:06+00:00,2020-02-04 11:42:50+00:00,1209,41
edx/edx-load-tests,2015-07-30 15:52:54+00:00,2018-07-11 15:54:29+00:00,2015-08-27 13:31:00+00:00,27,1049
edx/edx-notifications,2015-01-12 20:11:02+00:00,2020-02-27 13:40:15+00:00,2020-02-27 10:27:45+00:00,1871,0
edx/edx-ora,2012-11-08 19:26:50+00:00,2017-01-20 14:09:30+00:00,2013-07-12 15:52:32+00:00,245,1287
edx/edx-ora2,2013-12-23 20:54:54+00:00,2020-03-12 10:47:34+00:00,2020-01-28 15:31:59+00:00,2226,43
edx/edx-platform,2013-05-30 20:20:38+00:00,2020-03-17 22:00:30+00:00,2019-12-30 15:35:30+00:00,2404,78
edx/lettuce,2019-05-22 02:12:34+00:00,2019-03-25 00:20:31+00:00,2008-08-17 21:09:28+00:00,-3930,3871
edx/luigi,2014-09-11 19:59:48+00:00,2017-12-27 15:15:36+00:00,2015-10-06 16:24:24+00:00,389,812
edx/programs,2015-09-10 05:22:07+00:00,2019-06-05 18:02:41+00:00,2016-05-10 19:37:42+00:00,243,1120
edx/repo-tools,2013-10-16 22:30:05+00:00,2020-03-16 14:12:56+00:00,2016-04-08 19:19:22+00:00,904,1437
esa/SpaceAMPL,2015-11-13 09:50:53+00:00,2015-12-03 08:14:27+00:00,2015-11-13 10:39:21+00:00,0,19
esa/pagmo,2013-03-12 19:31:19+00:00,2017-05-11 18:09:02+00:00,2014-10-22 15:03:48+00:00,588,932
facebook/codemod,2009-04-02 04:51:54+00:00,2019-10-08 01:27:22+00:00,2018-04-20 03:45:06+00:00,3304,535
faraday/odp-extract,2010-10-08 23:55:11+00:00,2010-10-09 00:00:05+00:00,2010-10-08 23:56:55+00:00,0,0
fragaria/gap-resources,2013-09-13 13:50:29+00:00,2013-12-19 15:47:09+00:00,2013-10-09 14:52:29+00:00,26,71
franzinc/agraph-python,2009-06-12 22:15:10+00:00,2020-03-17 17:12:22+00:00,2018-06-07 21:16:45+00:00,3281,648
freshplanet/AppEngine-Counter,2014-05-05 19:14:03+00:00,2014-11-13 17:57:00+00:00,2014-03-21 13:01:34+00:00,-46,237
freshplanet/AppEngine-Deferred,2014-05-05 19:14:26+00:00,2019-04-10 14:18:19+00:00,2014-05-06 00:21:36+00:00,0,1800
freshplanet/AppEngine-SocketPool,2014-07-07 12:49:20+00:00,2014-12-12 00:41:04+00:00,2013-02-01 21:00:39+00:00,-521,678
freshplanet/AppEngine-ndb-ext,2014-05-19 20:23:47+00:00,2014-10-16 10:46:08+00:00,2014-05-19 20:21:59+00:00,-1,149
futurice/django-saber,2015-10-09 11:54:05+00:00,2016-06-16 07:36:52+00:00,2016-03-19 17:16:21+00:00,162,88
futurice/google-apps-contacts-copier,2014-07-08 07:34:57+00:00,2017-07-06 13:09:32+00:00,2015-08-31 11:32:41+00:00,419,675
gameduell/duell,2015-05-05 08:04:33+00:00,2017-10-13 15:25:15+00:00,2015-03-18 14:30:39+00:00,-48,940
gameduell/kythe,2015-07-27 08:38:59+00:00,2015-07-24 14:10:32+00:00,2015-07-16 18:44:14+00:00,-11,7
gameduell/parallelpandas,2015-02-18 14:23:11+00:00,2015-06-05 12:13:54+00:00,2015-02-18 14:47:56+00:00,0,106
getyourguide/fbthrift,2015-09-11 07:38:39+00:00,2017-09-19 13:12:50+00:00,2015-08-05 23:13:29+00:00,-37,775
google/0x0g-2018-badge,2018-07-31 17:11:34+00:00,2018-07-31 17:13:19+00:00,2018-07-05 12:56:13+00:00,-27,26
google/GiftStick,2018-10-23 14:49:54+00:00,2020-01-27 17:04:02+00:00,2020-01-20 09:44:24+00:00,453,7
google/Legilimency,2017-10-03 15:22:45+00:00,2017-10-03 15:47:10+00:00,2017-10-03 15:47:10+00:00,0,0
google/NeuroNER-CSPMC,2020-02-20 08:55:22+00:00,2019-12-08 08:45:54+00:00,2017-03-23 03:47:19+00:00,-1065,990
google/TensorNetwork,2019-04-25 20:38:13+00:00,2020-03-17 21:47:59+00:00,2019-10-03 01:03:29+00:00,160,166
google/TrustScore,2018-09-03 16:23:29+00:00,2018-09-03 17:01:27+00:00,2018-08-24 22:43:42+00:00,-10,9
google/VRD,2017-09-29 15:15:29+00:00,2017-10-13 11:50:29+00:00,2017-10-12 16:32:20+00:00,13,0
google/active-learning,2017-10-06 17:02:13+00:00,2019-05-10 14:38:03+00:00,2017-10-06 22:57:13+00:00,0,580
google/active-qa,2018-07-10 13:35:27+00:00,2018-12-11 15:33:00+00:00,2017-05-30 01:28:22+00:00,-407,560
google/adcase,2019-11-13 01:46:06+00:00,2020-02-19 17:36:02+00:00,2019-12-19 18:54:00+00:00,36,61
google/airdialogue,2019-10-30 23:00:05+00:00,2020-01-28 02:58:41+00:00,2020-01-28 01:52:01+00:00,89,0
google/airdialogue_model,2019-10-30 23:00:06+00:00,2020-02-22 03:24:28+00:00,2020-01-28 01:34:19+00:00,89,25
google/aiyprojects-raspbian,2017-04-20 16:49:05+00:00,2019-11-14 19:40:08+00:00,2018-02-27 21:43:29+00:00,313,624
google/alligator2,2019-12-19 21:53:01+00:00,2020-03-13 17:27:08+00:00,2020-02-21 20:59:25+00:00,63,20
google/android-wear-stitch-script,2017-05-17 20:28:59+00:00,2018-04-19 01:08:37+00:00,2018-04-18 21:39:15+00:00,336,0
google/anvil-build,2012-04-09 20:09:24+00:00,2017-05-01 18:33:23+00:00,2012-10-10 17:47:02+00:00,183,1664
google/aperture_supervision,2018-04-25 17:48:59+00:00,2018-04-25 18:12:04+00:00,2018-04-25 18:04:45+00:00,0,0
google/apis-client-generator,2015-03-14 00:50:56+00:00,2019-08-07 19:47:27+00:00,2013-06-11 21:16:18+00:00,-641,2247
google/appengine-phabricator,2015-08-21 21:31:01+00:00,2016-02-09 20:57:46+00:00,2015-07-28 21:34:23+00:00,-24,195
google/asymproj_edge_dnn,2017-11-16 03:36:26+00:00,2017-11-16 03:39:17+00:00,2017-11-16 03:39:17+00:00,0,0
google/audio-sync-kit,2018-05-14 23:09:26+00:00,2018-10-08 17:26:34+00:00,2018-05-15 14:18:50+00:00,0,146
google/automl-video-ondevice,2019-08-21 03:53:27+00:00,2020-02-28 05:16:17+00:00,2020-01-07 18:07:14+00:00,139,51
google/benchmark,2013-12-12 00:10:48+00:00,2020-03-16 11:32:08+00:00,2019-04-11 09:48:29+00:00,1946,340
google/bi-tempered-loss,2019-07-29 19:36:05+00:00,2019-08-30 05:34:57+00:00,2019-08-28 05:00:06+00:00,29,2
google/blkcgroup,2015-06-09 17:49:17+00:00,2012-01-10 00:31:08+00:00,2011-01-31 19:43:50+00:00,-1590,343
google/blockly-games,2014-08-25 16:09:42+00:00,2020-03-16 14:39:49+00:00,2019-10-03 05:50:52+00:00,1864,165
google/budou,2016-09-05 05:21:04+00:00,2020-01-21 08:36:02+00:00,2018-08-25 06:20:26+00:00,719,514
google/burst-denoising,2018-01-24 00:28:46+00:00,2018-01-17 08:07:54+00:00,2018-01-17 07:14:08+00:00,-7,0
google/campaign-manager-bulk-uploader,2019-02-06 00:09:53+00:00,2019-10-28 17:35:16+00:00,2019-02-07 04:02:58+00:00,1,263
google/cauliflowervest,2014-10-16 20:04:13+00:00,2019-06-12 20:51:18+00:00,2017-09-08 04:19:34+00:00,1057,642
google/checkers_classic,2015-11-25 18:10:42+00:00,2015-11-25 18:27:06+00:00,2015-11-25 18:23:54+00:00,0,0
google/chronicle,2020-01-21 17:14:21+00:00,2020-02-13 22:18:03+00:00,2020-02-13 22:15:38+00:00,23,0
google/citest,2015-08-10 18:04:21+00:00,2019-05-07 19:56:11+00:00,2017-11-01 03:23:18+00:00,813,552
google/clicktrackers-panel,2017-11-07 08:17:54+00:00,2017-11-02 16:01:55+00:00,2017-11-02 14:35:47+00:00,-5,0
google/clif,2017-04-17 23:36:06+00:00,2017-12-13 17:24:27+00:00,2017-04-24 21:37:01+00:00,6,232
google/cloud-forensics-utils,2020-02-04 12:54:51+00:00,2020-03-16 13:36:38+00:00,2020-02-06 15:56:16+00:00,2,38
google/cloud-function-edit-drive-permissions,2018-12-31 23:04:46+00:00,2019-10-10 18:43:27+00:00,2018-12-18 20:29:43+00:00,-14,295
google/cloudprint_logocert,2015-10-01 00:42:44+00:00,2018-06-21 04:48:03+00:00,2017-05-25 18:40:21+00:00,602,391
google/cog,2018-01-03 19:42:45+00:00,2018-10-17 11:58:01+00:00,2018-07-19 18:38:59+00:00,196,89
google/compare-codecs,2014-12-08 16:42:21+00:00,2016-09-13 18:05:22+00:00,2015-04-02 07:34:16+00:00,114,530
google/compare_gan,2018-02-20 19:55:50+00:00,2019-09-16 11:53:26+00:00,2019-02-26 17:16:22+00:00,370,201
google/contentbox,2015-06-08 22:52:16+00:00,2019-01-05 11:11:55+00:00,2013-07-16 02:20:55+00:00,-693,1999
google/copper,2018-10-16 20:17:17+00:00,2019-08-19 22:11:35+00:00,2018-10-16 20:58:08+00:00,0,307
google/crmint,2018-06-27 09:01:33+00:00,2020-03-12 10:04:44+00:00,2018-06-27 10:30:42+00:00,0,623
google/cssi-blogasaurus,2017-03-14 10:15:56+00:00,2017-07-05 19:29:45+00:00,2017-07-05 19:29:45+00:00,113,0
google/cssi-labs,2018-06-23 07:44:56+00:00,2019-08-12 18:25:09+00:00,2018-06-23 07:59:48+00:00,0,415
google/customer-match-upload-script,2019-08-09 06:20:02+00:00,2019-08-09 09:27:39+00:00,2019-06-11 12:58:26+00:00,-59,58
google/cyanobyte,2019-03-15 03:28:09+00:00,2020-03-18 00:21:12+00:00,2019-10-31 16:11:46+00:00,230,138
google/data-driven-discretization-1d,2018-03-01 17:36:01+00:00,2019-12-10 23:39:55+00:00,2018-05-12 00:14:07+00:00,71,577
google/dcm-video-uploader,2017-06-08 08:24:08+00:00,2018-05-22 12:55:38+00:00,2018-05-22 12:36:37+00:00,348,0
google/decoupled_gaussian_process,2018-03-12 17:42:50+00:00,2018-03-12 18:36:13+00:00,2018-03-12 18:36:13+00:00,0,0
google/deepvariant,2017-11-23 01:56:22+00:00,2020-02-19 23:31:02+00:00,2018-12-04 01:31:06+00:00,375,442
google/differentiable-atomistic-potentials,2018-01-23 19:31:50+00:00,2018-06-19 21:05:50+00:00,2018-01-22 22:58:11+00:00,-1,147
google/dl_bounds,2018-02-22 16:33:27+00:00,2018-02-23 11:59:11+00:00,2018-02-23 10:14:37+00:00,0,0
google/dnae,2018-03-13 15:30:50+00:00,2018-09-03 10:47:07+00:00,2018-02-06 17:07:23+00:00,-35,208
google/dopamine,2018-07-26 09:58:36+00:00,2019-12-19 15:17:25+00:00,2018-11-13 20:20:53+00:00,110,400
google/driblet,2019-07-09 02:50:23+00:00,2019-07-09 09:03:50+00:00,2019-07-09 09:03:50+00:00,0,0
google/dspl,2018-12-20 21:36:48+00:00,2019-12-02 15:51:07+00:00,2019-08-06 17:37:14+00:00,228,117
google/e3d_lstm,2019-04-11 19:04:04+00:00,2019-04-16 17:57:52+00:00,2019-04-15 01:31:08+00:00,3,1
google/eclipse2017,2017-03-17 16:45:33+00:00,2018-08-06 19:14:42+00:00,2017-10-03 21:32:05+00:00,200,306
google/edward2,2019-08-07 18:01:40+00:00,2020-03-17 21:11:11+00:00,2020-01-23 06:00:19+00:00,168,54
google/eidos-audition,2019-12-12 18:28:29+00:00,2020-01-18 12:46:37+00:00,2019-12-12 18:56:55+00:00,0,36
google/embedding-tests,2019-11-27 23:30:50+00:00,2019-12-13 18:59:21+00:00,2019-11-15 01:31:22+00:00,-13,28
google/empirical_calibration,2019-02-01 19:06:00+00:00,2020-02-20 21:38:34+00:00,2020-02-20 21:38:34+00:00,384,0
google/encrypted-bigquery-client,2015-02-11 23:38:57+00:00,2018-02-21 16:52:35+00:00,2015-11-17 21:49:06+00:00,278,826
google/eng-edu,2017-02-07 19:26:27+00:00,2020-03-16 14:44:37+00:00,2018-07-17 05:13:05+00:00,524,608
google/expt-analysis,2019-02-15 00:34:52+00:00,2019-05-09 18:05:36+00:00,2019-04-05 16:10:27+00:00,49,34
google/fchan-go,2017-01-13 21:41:13+00:00,2017-01-13 22:53:19+00:00,2016-11-09 23:18:20+00:00,-65,64
google/ffn,2017-11-10 19:13:38+00:00,2019-10-24 16:13:43+00:00,2017-11-10 20:37:54+00:00,0,712
google/fhir,2018-01-10 04:54:52+00:00,2020-02-13 09:50:19+00:00,2018-10-31 15:18:06+00:00,294,469
google/flight-lab,2018-09-13 03:15:27+00:00,2019-06-24 21:14:26+00:00,2018-09-13 18:14:07+00:00,0,284
google/ftc-object-detection,2018-08-09 01:19:38+00:00,2019-05-17 18:08:29+00:00,2018-08-16 06:28:40+00:00,7,274
google/gae-secure-scaffold-python3,2020-02-25 10:28:02+00:00,2020-02-25 10:54:29+00:00,2020-02-21 11:36:33+00:00,-4,3
google/gcnn-survey-paper,2019-12-18 17:40:33+00:00,2019-12-18 17:52:48+00:00,2019-12-18 17:52:48+00:00,0,0
google/genomics-protos,2017-11-07 15:23:01+00:00,2017-11-01 17:30:13+00:00,2017-10-30 20:10:41+00:00,-8,1
google/gif-for-cli,2018-06-14 15:11:45+00:00,2019-07-26 21:27:29+00:00,2018-06-22 23:52:40+00:00,8,398
google/gin-config,2018-06-27 20:21:12+00:00,2020-01-24 00:28:56+00:00,2019-07-11 19:43:03+00:00,378,196
google/git-patrol,2019-02-05 20:55:43+00:00,2019-04-19 17:30:02+00:00,2019-03-29 18:37:11+00:00,51,20
google/gnxi,2017-09-26 08:19:41+00:00,2019-10-16 18:26:48+00:00,2018-12-12 05:49:23+00:00,441,308
google/go-replayers,2019-06-05 21:39:37+00:00,2019-07-22 22:02:01+00:00,2019-06-03 10:26:58+00:00,-3,49
google/google-apputils,2015-03-12 20:27:00+00:00,2015-03-16 17:29:02+00:00,2012-02-29 17:51:38+00:00,-1108,1110
google/google-ctf,2018-04-27 15:56:03+00:00,2020-02-25 14:06:06+00:00,2019-07-23 15:07:35+00:00,451,216
google/google-my-business-samples,2019-08-20 20:46:35+00:00,2019-09-30 19:11:02+00:00,2019-09-30 07:57:32+00:00,40,0
google/google-reauth-python,2018-01-18 17:47:36+00:00,2019-07-16 20:10:50+00:00,2018-03-08 21:52:55+00:00,49,494
google/googleapps-message-recall,2014-03-17 20:47:29+00:00,2016-10-14 14:27:02+00:00,2014-03-26 19:34:23+00:00,8,932
google/googleapps-password-generator,2014-03-14 22:07:26+00:00,2014-03-26 22:36:18+00:00,2014-03-26 22:36:18+00:00,12,0
google/googlecrisismap,2015-06-18 16:09:28+00:00,2015-07-09 20:30:17+00:00,2013-09-26 01:50:45+00:00,-631,651
google/gov-meetings-made-searchable,2019-03-06 14:47:57+00:00,2019-03-06 16:17:04+00:00,2019-02-13 18:19:09+00:00,-21,20
google/graph-gen,2018-08-03 17:32:37+00:00,2018-08-03 19:18:00+00:00,2018-08-03 17:46:43+00:00,0,0
google/graph_distillation,2019-01-29 22:16:36+00:00,2019-01-31 23:44:41+00:00,2019-01-30 02:10:49+00:00,0,1
google/grumpy,2016-12-21 17:49:01+00:00,2017-11-22 02:08:58+00:00,2017-01-09 23:58:19+00:00,19,316
google/gsa-admin-toolkit,2014-08-29 19:55:01+00:00,2017-06-16 19:23:56+00:00,2012-06-19 17:48:01+00:00,-802,1823
google/gumbel_sinkhorn,2017-09-18 18:50:09+00:00,2017-09-18 19:08:38+00:00,2017-09-18 19:04:53+00:00,0,0
google/hdrnet,2016-09-12 17:49:01+00:00,2017-08-31 01:39:04+00:00,2017-08-06 00:47:33+00:00,327,25
google/hotel-ads-etl-tool,2018-07-18 07:27:23+00:00,2018-07-18 11:15:58+00:00,2018-07-18 11:15:58+00:00,0,0
google/hypebot,2018-04-05 23:32:29+00:00,2020-02-25 21:21:06+00:00,2019-09-10 16:20:16+00:00,522,168
google/importlab,2018-02-28 18:40:33+00:00,2019-05-31 17:36:33+00:00,2018-12-26 18:42:35+00:00,301,155
google/in-silico-labeling,2017-12-11 22:54:28+00:00,2019-06-24 22:39:38+00:00,2017-12-11 23:11:03+00:00,0,559
google/intelligent_annotation_dialogs,2018-02-01 09:46:36+00:00,2018-01-17 13:58:57+00:00,2018-01-17 13:58:57+00:00,-15,0
google/iree,2019-09-12 20:57:39+00:00,2020-03-17 21:34:44+00:00,2020-01-06 21:15:35+00:00,116,71
google/irrduino,2015-03-13 05:08:22+00:00,2015-03-13 16:30:43+00:00,2012-01-09 20:09:15+00:00,-1159,1158
google/jacs,2015-04-22 19:37:28+00:00,2015-07-03 16:42:21+00:00,2015-04-10 10:42:51+00:00,-13,84
google/jarvan,2019-11-07 13:00:32+00:00,2019-11-07 13:21:02+00:00,2019-11-06 12:53:50+00:00,-2,1
google/joint_vae,2017-12-06 00:39:10+00:00,2017-12-17 13:49:49+00:00,2017-12-06 00:53:12+00:00,0,11
google/knusperli,2018-03-08 10:06:34+00:00,2019-04-29 08:21:10+00:00,2018-02-21 16:16:28+00:00,-15,431
google/layered-scene-inference,2018-03-11 22:03:56+00:00,2018-08-09 16:13:55+00:00,2018-08-07 16:30:13+00:00,148,1
google/lifetime_value,2019-12-17 18:59:42+00:00,2019-12-20 17:09:47+00:00,2019-12-17 22:07:34+00:00,0,2
google/lkml-gerrit-bridge,2019-11-19 16:28:52+00:00,2019-11-07 07:44:16+00:00,2019-11-07 07:44:16+00:00,-13,0
google/llvm-premerge-checks,2019-10-14 07:04:14+00:00,2020-03-17 10:22:55+00:00,2020-02-17 13:55:10+00:00,126,28
google/maddpg-replication,2018-04-26 03:32:28+00:00,2018-06-25 00:30:49+00:00,2018-06-20 06:29:03+00:00,55,4
google/magic-github-proxy,2018-11-29 23:06:32+00:00,2019-01-22 17:42:54+00:00,2018-12-14 18:56:07+00:00,14,38
google/mannequinchallenge,2019-05-24 15:56:59+00:00,2019-06-19 00:23:22+00:00,2019-05-13 21:06:00+00:00,-11,36
google/mediapipe,2019-06-13 19:16:41+00:00,2020-03-11 01:14:25+00:00,2019-12-03 01:54:10+00:00,172,98
google/mentornet,2018-08-13 16:40:50+00:00,2019-07-27 00:26:32+00:00,2018-08-13 21:34:00+00:00,0,347
google/meta_tagger,2018-07-12 19:04:39+00:00,2018-12-18 09:59:33+00:00,2018-07-15 19:56:33+00:00,3,155
google/meterstick,2016-11-03 16:58:57+00:00,2020-02-10 22:12:32+00:00,2019-12-05 20:09:38+00:00,1127,67
google/microscopeimagequality,2017-09-07 20:46:27+00:00,2018-08-19 17:40:48+00:00,2017-05-25 14:28:07+00:00,-106,451
google/mipsqa,2017-09-22 16:22:19+00:00,2017-09-24 18:19:41+00:00,2017-09-22 20:51:14+00:00,0,1
google/ml-fairness-gym,2019-08-06 14:03:17+00:00,2020-02-10 21:42:55+00:00,2020-01-30 10:50:54+00:00,176,11
google/ml-metadata,2019-01-15 21:02:09+00:00,2020-03-17 06:23:18+00:00,2020-02-11 05:29:34+00:00,391,35
google/modem,2020-01-25 00:32:19+00:00,2020-02-26 04:00:40+00:00,2020-02-26 03:47:26+00:00,32,0
google/mozart,2018-11-02 07:20:29+00:00,2018-11-30 15:10:49+00:00,2018-11-02 07:40:41+00:00,0,28
google/myelin-acorn-electron-hardware,2017-04-21 17:01:46+00:00,2019-11-17 23:43:08+00:00,2018-12-23 06:46:39+00:00,610,329
google/mysql-protobuf,2015-10-18 23:21:57+00:00,2016-03-17 16:12:58+00:00,2015-10-25 08:48:19+00:00,6,144
google/n-digit-mnist,2018-07-19 17:29:31+00:00,2019-02-19 12:57:06+00:00,2018-07-19 17:34:24+00:00,0,214
google/network-mapper,2013-09-04 19:15:15+00:00,2020-01-06 12:07:13+00:00,2008-07-27 00:38:33+00:00,-1866,4180
google/neural-logic-machines,2018-10-30 04:24:31+00:00,2019-05-13 09:49:02+00:00,2019-05-07 02:22:52+00:00,188,6
google/neural_rerendering_in_the_wild,2019-06-27 22:08:14+00:00,2019-09-18 17:52:03+00:00,2019-06-15 01:14:56+00:00,-13,95
google/neuroglancer,2016-05-27 02:37:25+00:00,2020-03-02 23:55:06+00:00,2016-06-23 21:23:52+00:00,27,1348
google/next-prediction,2019-05-11 01:20:41+00:00,2019-08-27 14:52:28+00:00,2019-05-12 03:49:02+00:00,1,107
google/nomulus,2016-02-29 20:16:48+00:00,2020-03-18 00:16:42+00:00,2017-09-20 14:27:17+00:00,568,909
google/nucleus,2018-03-26 17:58:07+00:00,2020-01-27 23:13:46+00:00,2018-12-04 01:30:03+00:00,252,419
google/oculi,2019-09-09 19:55:46+00:00,2020-02-07 23:12:55+00:00,2019-11-11 23:27:06+00:00,63,87
google/offline-content-packager,2016-02-11 19:42:35+00:00,2016-02-26 10:53:57+00:00,2016-02-26 10:53:57+00:00,14,0
google/or-tools,2015-02-21 01:25:35+00:00,2020-01-28 10:46:56+00:00,2015-12-11 13:14:08+00:00,293,1508
google/orchestra,2019-01-23 09:28:34+00:00,2020-03-02 16:09:49+00:00,2019-10-04 16:12:37+00:00,254,149
google/oss-fuzz,2016-07-20 19:39:50+00:00,2020-03-18 00:24:39+00:00,2018-07-27 03:32:39+00:00,736,599
google/patents-public-data,2017-06-05 14:35:27+00:00,2019-08-24 19:05:06+00:00,2017-10-18 22:19:40+00:00,135,674
google/pbvi,2017-11-23 03:09:41+00:00,2017-11-10 04:07:35+00:00,2017-11-10 04:07:35+00:00,-13,0
google/pinotify,2017-11-12 07:30:19+00:00,2018-01-15 19:42:30+00:00,2017-11-12 07:46:54+00:00,0,64
google/prettytensor,2015-11-02 18:19:46+00:00,2017-02-01 21:03:34+00:00,2016-04-14 20:49:55+00:00,164,293
google/prog-edu-assistant,2019-02-21 01:58:58+00:00,2020-02-28 07:06:14+00:00,2019-10-29 00:15:40+00:00,249,122
google/proto-task-queue,2018-11-19 19:36:12+00:00,2019-06-17 20:13:10+00:00,2018-11-13 20:35:22+00:00,-6,215
google/protocall,2016-06-17 18:23:00+00:00,2016-11-20 00:58:43+00:00,2016-05-28 22:41:13+00:00,-20,175
google/protorpc,2014-12-17 16:14:30+00:00,2017-11-01 22:14:59+00:00,2011-06-20 20:47:28+00:00,-1276,2326
google/pwlfit,2020-01-31 02:25:37+00:00,2020-02-06 21:51:41+00:00,2020-01-30 20:19:41+00:00,-1,7
google/pyaedj,2017-11-27 16:36:18+00:00,2020-01-28 19:48:55+00:00,2017-11-27 16:51:53+00:00,0,792
google/pyctr,2019-07-03 20:46:30+00:00,2019-07-31 03:37:57+00:00,2019-07-04 19:45:05+00:00,0,26
google/python-lakeside,2018-03-13 20:31:40+00:00,2019-02-16 20:12:21+00:00,2019-02-16 20:12:21+00:00,339,0
google/python-spanner-orm,2018-11-01 18:18:59+00:00,2019-11-11 20:59:51+00:00,2019-10-30 18:32:22+00:00,363,12
google/qkeras,2019-08-06 22:11:58+00:00,2020-03-06 18:39:21+00:00,2019-08-12 07:07:45+00:00,5,207
google/qrisp,2015-12-08 14:59:43+00:00,2016-03-07 20:16:25+00:00,2015-10-25 08:48:19+00:00,-45,134
google/quickshift,2018-03-20 20:13:59+00:00,2018-08-02 20:41:40+00:00,2018-03-20 20:32:35+00:00,0,135
google/retrieval-qa-eval,2019-06-28 02:23:54+00:00,2019-09-25 21:19:53+00:00,2019-06-28 21:36:06+00:00,0,88
google/revisiting-self-supervised,2019-01-25 09:06:03+00:00,2020-02-13 11:26:23+00:00,2019-01-28 08:45:25+00:00,2,381
google/riegeli,2018-01-03 15:05:56+00:00,2020-03-17 13:35:31+00:00,2019-08-22 14:44:46+00:00,595,207
google/roboto,2015-04-11 03:59:41+00:00,2018-10-11 14:36:15+00:00,2014-07-26 18:20:29+00:00,-259,1537
google/rtc-video-quality,2016-11-03 16:44:00+00:00,2019-08-27 20:40:38+00:00,2017-03-28 18:19:51+00:00,145,882
google/rttcp,2017-06-09 20:43:10+00:00,2017-06-01 00:16:42+00:00,2017-05-03 00:11:37+00:00,-38,29
google/sa360-bidbyweather,2019-10-23 07:55:14+00:00,2019-10-23 14:10:29+00:00,2019-10-23 14:10:29+00:00,0,0
google/sa360-bigquery-bootstrapper,2019-11-08 18:17:22+00:00,2019-12-16 16:29:24+00:00,2019-11-13 02:55:26+00:00,4,33
google/sa360-bulk-editor,2018-11-06 10:36:29+00:00,2018-10-25 08:05:59+00:00,2018-10-22 12:34:01+00:00,-15,2
google/scaaml,2019-09-09 20:59:46+00:00,2020-02-06 18:41:29+00:00,2019-09-09 21:13:47+00:00,0,149
google/seq2seq,2017-03-02 22:49:20+00:00,2017-04-17 21:57:07+00:00,2017-02-15 23:41:59+00:00,-15,60
google/sg2im,2018-06-29 16:32:17+00:00,2018-10-28 23:11:05+00:00,2018-06-29 20:01:08+00:00,0,121
google/shaka-streamer,2019-08-21 19:57:02+00:00,2020-02-13 20:48:33+00:00,2020-02-01 00:03:36+00:00,163,12
google/simple-reinforcement-learning,2017-01-10 06:23:23+00:00,2017-03-01 15:46:14+00:00,2017-03-01 15:46:14+00:00,50,0
google/spectral-density,2019-03-20 19:23:28+00:00,2020-03-13 19:37:40+00:00,2019-03-22 05:13:17+00:00,1,357
google/spindle-dv360,2020-02-24 22:15:26+00:00,2020-03-06 15:18:05+00:00,2020-02-28 12:03:57+00:00,3,7
google/sre_yield,2014-02-13 00:53:19+00:00,2020-02-17 06:11:06+00:00,2020-02-16 23:15:27+00:00,2194,0
google/starthinker,2018-02-26 19:15:09+00:00,2020-03-12 17:33:25+00:00,2019-02-12 03:36:02+00:00,350,394
google/stereo-magnification,2018-10-09 18:16:50+00:00,2019-07-19 19:49:06+00:00,2018-10-09 18:26:04+00:00,0,283
google/streetview-publish-client-libraries,2017-06-09 16:42:04+00:00,2019-03-28 23:32:24+00:00,2019-03-22 19:34:37+00:00,651,6
google/struct2tensor,2019-07-10 21:02:42+00:00,2020-02-21 19:06:52+00:00,2019-07-10 21:45:49+00:00,0,225
google/svcca,2017-11-07 02:56:49+00:00,2019-02-20 02:21:28+00:00,2017-11-07 02:59:23+00:00,0,469
google/swift-jupyter,2018-07-13 00:06:13+00:00,2020-02-27 03:48:05+00:00,2019-09-04 07:32:51+00:00,418,175
google/syzygy,2014-09-03 23:55:02+00:00,2017-12-05 23:30:12+00:00,2011-06-10 15:01:44+00:00,-1182,2370
google/tangent,2017-10-26 20:02:46+00:00,2018-08-08 19:12:12+00:00,2017-11-07 20:47:58+00:00,12,273
google/telluride_decoding,2019-06-29 14:00:22+00:00,2019-07-03 14:30:54+00:00,2019-07-02 13:54:48+00:00,2,1
google/tensorflow-tools,2018-01-13 22:35:46+00:00,2018-01-15 15:20:18+00:00,2018-01-15 15:13:52+00:00,1,0
google/text2text,2017-04-05 12:59:10+00:00,2017-03-13 15:04:46+00:00,2017-03-13 13:09:51+00:00,-23,0
google/tf-quant-finance,2019-07-24 16:09:50+00:00,2020-03-17 14:40:18+00:00,2020-02-10 12:02:18+00:00,200,36
google/tf_mesh_renderer,2018-01-04 21:48:05+00:00,2019-06-11 21:16:18+00:00,2019-01-03 21:48:01+00:00,363,158
google/tirg,2019-04-11 19:04:35+00:00,2019-07-18 08:03:05+00:00,2019-04-11 19:11:25+00:00,0,97
google/tmppy,2017-10-01 08:29:32+00:00,2018-10-28 17:04:48+00:00,2018-10-21 09:21:55+00:00,385,7
google/transitfeed,2014-09-15 15:16:32+00:00,2020-02-03 15:42:20+00:00,2014-10-23 00:39:55+00:00,37,1929
google/transperf,2019-09-19 17:33:09+00:00,2019-09-19 15:27:48+00:00,2019-09-19 15:27:48+00:00,-1,0
google/trax,2019-10-05 15:09:14+00:00,2020-03-17 21:32:57+00:00,2020-01-28 15:35:07+00:00,115,49
google/tritious,2015-04-02 18:29:25+00:00,2015-04-03 19:27:38+00:00,2015-02-24 23:23:26+00:00,-37,37
google/uis-rnn,2018-10-23 08:13:24+00:00,2020-03-04 17:02:58+00:00,2018-12-26 16:33:24+00:00,64,434
google/unrestricted-adversarial-examples,2018-08-15 19:51:45+00:00,2020-02-12 05:26:27+00:00,2018-09-05 18:56:24+00:00,20,524
google/upvote,2017-10-24 15:23:16+00:00,2019-05-23 18:38:04+00:00,2018-01-30 23:28:16+00:00,98,477
google/vae-seq,2018-03-23 19:52:38+00:00,2018-03-23 05:23:52+00:00,2018-03-23 05:17:48+00:00,-1,0
google/visqol,2019-12-06 19:44:18+00:00,2020-01-30 22:48:08+00:00,2020-01-30 02:10:44+00:00,54,0
google/vulkan_test_applications,2017-06-14 18:32:23+00:00,2020-03-10 15:49:01+00:00,2017-05-25 14:38:01+00:00,-21,1020
google/wasserstein-dist,2017-09-15 07:56:22+00:00,2017-11-29 18:15:03+00:00,2017-09-15 15:39:07+00:00,0,75
google/waze-ccp-gcp,2018-12-05 20:34:43+00:00,2018-12-06 04:14:00+00:00,2018-12-03 17:46:44+00:00,-3,2
google/web-audio-recognition,2017-12-21 02:42:25+00:00,2018-05-02 22:36:28+00:00,2017-12-21 07:37:25+00:00,0,132
google/xrtl,2017-03-29 17:10:19+00:00,2018-07-18 17:48:33+00:00,2017-07-01 20:41:35+00:00,94,381
google/youtube-8m,2016-12-20 21:49:38+00:00,2019-10-25 23:56:35+00:00,2018-05-24 06:56:54+00:00,519,519
google/zimu,2013-10-02 20:45:17+00:00,2013-10-02 20:58:27+00:00,2013-10-02 20:58:27+00:00,0,0
gopro/gopro-lib-node.gl,2016-11-18 11:05:10+00:00,2020-03-17 17:01:40+00:00,2019-07-23 13:04:35+00:00,977,238
hammerlab/avm,2014-09-23 21:33:36+00:00,2015-09-11 15:48:54+00:00,2015-05-06 04:42:32+00:00,224,128
hammerlab/fancyimpute,2015-11-05 23:39:34+00:00,2019-10-15 02:16:34+00:00,2016-01-04 03:37:36+00:00,59,1379
hammerlab/immuno_research,2014-02-04 04:30:35+00:00,2014-10-03 02:10:00+00:00,2014-02-07 21:10:37+00:00,3,237
hammerlab/isovar,2016-02-04 20:14:48+00:00,2019-10-24 15:58:19+00:00,2019-02-18 19:30:49+00:00,1109,247
hammerlab/kubeface,2016-09-07 15:48:56+00:00,2017-06-22 19:40:30+00:00,2016-12-27 20:48:41+00:00,111,176
hammerlab/mhcflurry,2015-06-29 02:29:54+00:00,2019-11-11 19:23:12+00:00,2017-11-15 23:52:15+00:00,870,725
hammerlab/mhctools,2015-02-24 18:23:59+00:00,2020-01-03 21:04:53+00:00,2016-12-19 18:16:35+00:00,663,1110
hammerlab/topiary,2015-03-30 21:53:09+00:00,2018-02-26 19:56:58+00:00,2015-10-27 19:09:26+00:00,210,853
hammerlab/vaxrank,2016-05-02 17:32:56+00:00,2020-02-22 02:58:19+00:00,2018-08-17 16:02:50+00:00,836,553
indico/indico-migrate,2017-03-24 16:11:25+00:00,2018-12-27 14:18:36+00:00,2018-04-03 07:20:48+00:00,374,268
infoculture/plainrussian,2014-09-09 04:31:42+00:00,2015-05-29 05:13:58+00:00,2014-11-16 10:29:35+00:00,68,193
intel/intel-iot-refkit,2017-01-26 23:38:40+00:00,2018-04-05 08:25:33+00:00,2017-07-24 00:10:36+00:00,178,255
intenthq/code-challenges,2015-12-11 09:51:18+00:00,2018-12-03 10:27:26+00:00,2016-08-10 15:04:56+00:00,243,844
ironmussa/Optimus,2017-07-13 02:31:18+00:00,2020-03-15 17:20:37+00:00,2018-07-29 04:46:35+00:00,381,595
jampp/sharedbuffers,2016-10-04 22:26:03+00:00,2019-09-12 15:43:20+00:00,2019-09-11 00:01:18+00:00,1071,1
kibitzr/kibitzr,2016-08-26 18:45:45+00:00,2019-08-06 19:16:04+00:00,2019-06-01 14:30:46+00:00,1008,66
leancloud/python-sdk,2014-11-18 05:53:41+00:00,2020-03-09 11:27:44+00:00,2017-08-10 07:06:17+00:00,996,942
lechat/CouchPotato,2011-06-01 17:18:26+00:00,2012-01-11 20:25:47+00:00,2010-10-30 19:26:19+00:00,-214,438
leftshift/tabload,2017-05-31 00:56:21+00:00,2017-07-24 20:40:43+00:00,2017-07-24 20:40:43+00:00,54,0
librato/collectd-librato,2011-12-03 00:09:33+00:00,2015-10-28 16:49:43+00:00,2014-12-08 18:27:34+00:00,1101,323
limebrains/pyolx,2017-07-19 08:00:51+00:00,2017-11-13 17:12:01+00:00,2017-08-16 07:41:28+00:00,27,89
linkedin/JTune,2015-03-26 16:19:33+00:00,2019-01-29 00:45:44+00:00,2019-01-28 01:32:35+00:00,1403,0
linkedin/adfullssl,2014-05-12 18:28:48+00:00,2015-07-19 21:12:48+00:00,2015-07-19 17:26:39+00:00,432,0
linkedin/iris,2017-01-18 21:20:21+00:00,2020-03-04 23:17:39+00:00,2019-03-09 01:50:57+00:00,779,361
linkedin/luminol,2015-11-18 23:16:33+00:00,2018-01-09 07:46:55+00:00,2017-09-15 12:38:00+00:00,666,115
linkedin/naarad,2013-11-01 23:34:54+00:00,2016-01-12 20:41:52+00:00,2015-04-22 21:32:09+00:00,536,264
linkedin/sysops-api,2013-11-02 20:28:25+00:00,2014-10-18 12:30:49+00:00,2014-08-09 23:03:44+00:00,280,69
linuxfoundation/cii-census,2015-01-22 22:40:53+00:00,2016-11-01 00:50:37+00:00,2016-10-11 22:40:51+00:00,627,20
lyft/envoy-api,2017-05-08 21:50:29+00:00,2020-03-18 16:57:02+00:00,2019-01-16 06:01:19+00:00,617,427
lyft/huxley,2014-08-12 22:55:57+00:00,2014-08-13 23:50:25+00:00,2014-01-09 16:40:42+00:00,-216,216
lyst/lightfm,2015-07-30 08:34:00+00:00,2020-01-29 04:52:49+00:00,2016-04-11 11:03:13+00:00,256,1387
lyst/rpforest,2015-07-13 14:02:32+00:00,2020-02-07 22:15:17+00:00,2020-02-07 22:15:17+00:00,1670,0
makerbot/ReplicatorG,2009-10-12 18:15:19+00:00,2013-04-25 22:19:55+00:00,2010-11-08 14:41:39+00:00,391,899
makerbot/s3g,2012-04-17 16:29:06+00:00,2013-06-26 18:14:58+00:00,2012-11-30 18:31:58+00:00,227,207
mapbox/osm-place-ranks,2012-10-03 22:03:16+00:00,2012-10-04 15:43:10+00:00,2012-10-04 15:43:10+00:00,0,0
mapbox/osrm-matching-inspection,2015-01-02 01:27:11+00:00,2015-09-02 18:32:14+00:00,2015-04-06 15:44:50+00:00,94,149
mapbox/rio-color,2015-07-30 23:56:54+00:00,2019-08-02 20:28:40+00:00,2018-07-18 17:13:03+00:00,1083,380
mapbox/rio-interpolate,2015-07-30 14:58:54+00:00,2015-07-30 18:50:13+00:00,2015-07-30 18:49:40+00:00,0,0
mapbox/rio-mbtiles,2015-05-07 21:16:23+00:00,2019-03-07 21:04:33+00:00,2019-03-07 20:40:13+00:00,1399,0
mapbox/rio-mucho,2015-06-22 22:12:18+00:00,2019-04-01 15:01:28+00:00,2018-07-12 17:59:19+00:00,1115,262
mapbox/s3hatchet,2015-11-16 01:37:23+00:00,2015-11-16 04:26:03+00:00,2015-11-16 04:26:03+00:00,0,0
mapbox/satellite-change-detect,2015-04-30 17:58:44+00:00,2015-04-30 23:20:25+00:00,2015-04-30 22:44:14+00:00,0,0
mapbox/snuggs,2015-02-12 01:35:37+00:00,2019-10-07 13:48:42+00:00,2019-09-18 18:40:13+00:00,1679,18
mapbox/usgs,2014-12-19 17:21:02+00:00,2018-12-23 16:55:14+00:00,2018-12-22 03:49:32+00:00,1463,1
masschallenge/impact-api,2017-06-22 16:02:26+00:00,2020-03-17 14:06:42+00:00,2019-12-18 19:13:05+00:00,909,89
medallia/voldemort,2010-12-04 05:06:57+00:00,2012-03-02 05:49:47+00:00,2010-11-08 00:51:03+00:00,-27,480
microsoft/O-CNN,2017-06-13 04:03:54+00:00,2019-11-20 00:48:19+00:00,2018-11-07 04:46:00+00:00,512,377
minio/minio-py,2015-06-17 03:51:15+00:00,2020-03-14 11:06:18+00:00,2019-09-10 05:43:26+00:00,1546,186
mo/project-euler,2015-05-10 06:52:54+00:00,2018-11-15 20:52:53+00:00,2015-05-10 06:54:19+00:00,0,1285
mozilla/MozDef,2014-02-18 07:43:31+00:00,2020-03-03 15:25:17+00:00,2019-06-28 21:33:10+00:00,1956,248
mozilla/SocorroSearchService,2012-03-21 22:15:37+00:00,2012-06-14 17:03:24+00:00,2012-03-21 22:30:05+00:00,0,84
mozilla/archiver_toolkit,2013-08-09 22:21:08+00:00,2014-06-06 22:54:23+00:00,2013-08-15 06:13:35+00:00,5,295
mozilla/captain,2013-07-26 19:57:53+00:00,2014-10-31 20:17:07+00:00,2013-07-16 02:20:55+00:00,-11,472
mozilla/datazilla-metrics,2012-07-21 03:18:40+00:00,2012-09-06 15:11:18+00:00,2012-07-26 18:52:14+00:00,5,41
mozilla/moztrap,2011-11-30 02:37:34+00:00,2019-03-29 15:54:27+00:00,2015-05-15 20:01:36+00:00,1262,1413
mozilla/relman-auto-nag,2012-02-15 00:38:03+00:00,2020-03-17 17:24:35+00:00,2019-07-04 14:11:48+00:00,2696,257
mozilla/stoneridge,2012-02-29 00:28:42+00:00,2013-06-06 21:08:08+00:00,2012-06-14 23:57:11+00:00,106,356
mozilla/telemetry-analysis-service,2016-02-08 10:13:40+00:00,2019-03-29 20:22:53+00:00,2019-01-16 12:52:37+00:00,1073,72
netgroup/Dreamer-Mininet-Extensions,2014-08-19 16:40:27+00:00,2019-01-25 18:08:58+00:00,2015-10-29 18:00:38+00:00,436,1184
netgroup/OSHI-monitoring,2015-06-06 08:49:10+00:00,2015-12-29 19:22:09+00:00,2015-12-27 18:41:37+00:00,204,2
netgroup/dstreamon,2016-06-21 11:54:46+00:00,2016-07-01 15:16:40+00:00,2016-07-01 14:46:37+00:00,10,0
netgroup/wmSDN,2013-06-21 13:06:16+00:00,2014-11-11 10:59:17+00:00,2013-06-24 13:43:31+00:00,3,504
nordam/PyPPT,2016-08-08 10:43:24+00:00,2017-01-04 10:56:54+00:00,2016-08-29 08:14:46+00:00,20,128
onlinecity/phone-iso3166,2015-09-22 00:26:27+00:00,2020-01-30 12:30:07+00:00,2018-08-31 10:58:43+00:00,1074,517
osuripple/pep.py,2016-11-29 16:20:56+00:00,2019-06-26 23:23:12+00:00,2016-12-26 08:59:33+00:00,26,912
pennlabs/penn-mobile-server,2014-08-22 05:25:24+00:00,2020-03-09 20:13:51+00:00,2016-11-19 17:26:16+00:00,820,1206
pennlabs/penn-sdk-python,2013-09-04 23:06:34+00:00,2020-02-04 22:10:40+00:00,2019-05-19 13:02:24+00:00,2082,261
pennlabs/pennathletics,2015-08-08 07:41:42+00:00,2016-12-01 21:56:53+00:00,2015-12-11 20:49:25+00:00,125,356
petchat/senz.analyzer.user.staticInfo,2015-06-05 05:36:13+00:00,2015-06-05 07:20:03+00:00,2015-06-05 07:20:03+00:00,0,0
petchat/senz.analyzer.user.staticinfo.degree,2015-06-08 17:11:34+00:00,2015-11-18 07:50:35+00:00,2015-11-06 06:10:18+00:00,150,12
polyaxon/polyaxon-api,2017-06-17 15:18:04+00:00,2018-04-11 15:35:03+00:00,2017-06-12 13:36:19+00:00,-6,303
portify/io_scene_dts,2015-06-20 20:25:10+00:00,2019-04-17 05:43:04+00:00,2017-07-04 08:16:25+00:00,744,651
postmates/geopy,2014-01-24 00:27:31+00:00,2014-01-31 22:53:44+00:00,2013-10-23 07:40:06+00:00,-93,100
propellerhead/blog,2010-10-22 16:05:44+00:00,2014-03-15 17:01:39+00:00,2008-07-27 00:38:33+00:00,-818,2057
quizlet/s3-multipart,2013-09-20 16:57:51+00:00,2014-08-12 03:50:35+00:00,2014-08-12 03:50:35+00:00,325,0
ranger/ranger,2009-06-04 06:41:11+00:00,2020-03-04 10:53:39+00:00,2019-01-27 02:36:50+00:00,3523,402
reaktor/trellol,2013-08-30 09:21:40+00:00,2013-08-30 09:48:10+00:00,2013-08-30 06:52:22+00:00,-1,0
reddit/reddit-plugin-meatspace,2013-05-28 20:42:52+00:00,2015-08-20 08:21:34+00:00,2013-06-19 23:05:41+00:00,22,791
rolepoint/flump,2015-10-30 14:01:05+00:00,2018-10-01 11:12:04+00:00,2016-05-11 17:56:43+00:00,194,872
rolepoint/pyseeyou,2016-01-06 19:45:07+00:00,2019-06-10 10:31:25+00:00,2019-06-09 07:59:56+00:00,1249,1
scrapinghub/aile,2015-09-15 16:27:35+00:00,2016-06-15 12:32:00+00:00,2015-09-22 13:34:39+00:00,6,266
scrapinghub/deimos,2014-07-01 22:42:27+00:00,2014-07-09 22:09:34+00:00,2014-05-13 17:20:02+00:00,-50,57
scrapinghub/pymesos,2015-03-30 22:40:26+00:00,2016-03-07 02:31:13+00:00,2015-12-23 06:55:50+00:00,267,74
scrapinghub/scrapy,2014-09-04 22:34:37+00:00,2014-09-02 15:55:04+00:00,2011-08-02 14:57:55+00:00,-1130,1127
seatgeek/businesstime,2014-01-26 21:00:04+00:00,2019-05-09 18:59:59+00:00,2017-12-02 04:34:59+00:00,1405,523
seatgeek/fuzzywuzzy,2011-07-08 19:32:34+00:00,2020-02-13 22:13:43+00:00,2018-07-21 20:16:29+00:00,2570,572
shanbay/sea,2017-07-07 03:49:12+00:00,2020-03-13 06:09:43+00:00,2017-07-27 07:25:03+00:00,20,959
sloe/chan,2014-02-08 12:33:27+00:00,2019-07-15 22:22:43+00:00,2014-06-29 20:43:28+00:00,141,1842
smartfile/queues,2015-01-12 18:57:16+00:00,2015-01-29 23:29:05+00:00,2015-01-12 18:58:24+00:00,0,17
splunk/splunk-app-splunkgit,2011-11-17 21:25:45+00:00,2013-01-16 00:50:53+00:00,2011-11-01 02:14:24+00:00,-17,441
splunk/splunk-webframework,2013-02-01 20:59:03+00:00,2014-03-08 02:40:50+00:00,2013-07-16 02:20:55+00:00,164,235
spoqa/dodotable,2016-04-11 17:29:22+00:00,2020-01-29 02:34:38+00:00,2017-02-20 04:30:38+00:00,314,1072
spoqa/protobuf-v120,2015-02-09 06:47:30+00:00,2015-02-10 09:36:58+00:00,2015-02-10 08:14:37+00:00,1,0
svven/summary,2014-05-09 09:14:55+00:00,2016-05-04 14:39:40+00:00,2015-09-13 13:12:57+00:00,492,234
synergetics/nest_expermiments,2015-03-09 12:00:11+00:00,2015-04-02 14:23:56+00:00,2015-03-09 12:01:27+00:00,0,24
synergetics/neuron,2015-01-20 21:58:01+00:00,2015-01-22 18:33:44+00:00,2015-01-22 18:33:44+00:00,1,0
synergetics/potjans_2014,2015-03-09 11:52:38+00:00,2015-03-09 11:56:51+00:00,2015-03-09 11:53:57+00:00,0,0
synergetics/spectrum,2015-03-13 20:09:53+00:00,2016-03-29 20:40:34+00:00,2015-03-15 09:35:39+00:00,1,380
tableau/TabPy,2016-09-27 21:26:03+00:00,2020-03-02 21:47:22+00:00,2019-12-18 23:31:31+00:00,1177,74
tailwind/bdot,2015-06-14 13:25:59+00:00,2015-11-18 03:08:34+00:00,2015-07-16 16:52:04+00:00,32,124
tensorflow/adanet,2018-06-28 20:20:24+00:00,2020-02-04 23:19:01+00:00,2019-11-20 23:34:51+00:00,510,75
tensorflow/addons,2018-11-26 23:57:17+00:00,2020-03-17 20:10:14+00:00,2020-01-15 01:43:15+00:00,414,62
tensorflow/agents,2018-11-17 00:29:12+00:00,2020-03-17 21:11:00+00:00,2018-11-09 17:11:40+00:00,-8,494
tensorflow/autograph,2019-02-27 00:30:43+00:00,2019-03-30 23:00:25+00:00,2019-02-27 22:15:44+00:00,0,31
tensorflow/benchmarks,2016-10-12 18:41:20+00:00,2020-03-06 22:34:04+00:00,2019-03-05 19:19:26+00:00,874,367
tensorflow/cleverhans,2016-09-15 00:28:04+00:00,2020-03-17 03:34:39+00:00,2018-04-13 16:52:04+00:00,575,703
tensorflow/cloud,2020-02-10 18:51:59+00:00,2020-03-09 21:19:37+00:00,2020-02-14 22:17:34+00:00,4,23
tensorflow/compression,2018-05-15 23:32:19+00:00,2020-03-12 07:16:13+00:00,2019-07-07 00:05:54+00:00,417,249
tensorflow/custom-op,2018-10-30 22:09:26+00:00,2020-03-16 20:29:00+00:00,2018-10-31 00:27:59+00:00,0,502
tensorflow/data-validation,2018-07-02 15:47:02+00:00,2020-03-16 15:39:56+00:00,2019-05-29 19:45:53+00:00,331,291
tensorflow/deepmath,2016-11-07 21:31:44+00:00,2020-03-16 17:46:30+00:00,2017-03-10 00:57:39+00:00,122,1102
tensorflow/docs,2018-04-12 22:23:12+00:00,2020-03-17 13:28:49+00:00,2019-09-06 22:01:15+00:00,511,192
tensorflow/ecosystem,2016-10-14 19:02:07+00:00,2019-10-23 23:40:59+00:00,2016-10-31 23:55:26+00:00,17,1086
tensorflow/estimator,2018-07-31 20:55:45+00:00,2020-03-17 17:25:45+00:00,2018-08-21 21:25:53+00:00,21,573
tensorflow/examples,2018-07-16 22:11:56+00:00,2020-03-17 20:46:28+00:00,2019-02-21 00:56:21+00:00,219,390
tensorflow/fairness-indicators,2019-09-30 22:56:45+00:00,2020-03-17 22:53:32+00:00,2019-12-19 06:28:56+00:00,79,89
tensorflow/federated,2018-12-12 23:15:35+00:00,2020-03-17 21:08:20+00:00,2019-08-29 18:33:33+00:00,259,201
tensorflow/fold,2017-01-18 17:45:53+00:00,2017-10-31 18:14:46+00:00,2017-01-20 02:10:05+00:00,1,284
tensorflow/gan,2019-04-29 16:24:10+00:00,2020-03-04 01:44:53+00:00,2020-01-23 08:14:08+00:00,268,40
tensorflow/graphics,2019-01-08 10:39:44+00:00,2020-03-17 22:08:26+00:00,2019-09-21 09:12:57+00:00,255,178
tensorflow/hub,2018-03-12 07:55:42+00:00,2020-03-13 12:11:22+00:00,2018-05-07 13:50:46+00:00,56,675
tensorflow/kfac,2018-02-01 23:14:00+00:00,2020-01-20 20:20:05+00:00,2019-08-13 19:15:22+00:00,557,160
tensorflow/lattice,2017-09-22 03:27:49+00:00,2020-03-11 20:12:01+00:00,2020-01-28 21:39:45+00:00,858,42
tensorflow/lingvo,2018-07-24 22:30:28+00:00,2020-03-17 20:50:59+00:00,2019-06-27 17:06:56+00:00,337,264
tensorflow/lucid,2018-01-25 17:41:44+00:00,2020-03-05 21:31:11+00:00,2018-02-02 14:22:17+00:00,7,762
tensorflow/magenta,2016-05-05 20:10:40+00:00,2020-03-17 17:15:54+00:00,2020-01-23 22:10:19+00:00,1358,53
tensorflow/magenta-demos,2017-07-07 21:32:07+00:00,2019-11-06 20:46:59+00:00,2018-02-26 17:43:05+00:00,233,618
tensorflow/magenta-js,2018-03-26 20:02:28+00:00,2020-03-04 19:22:31+00:00,2018-11-29 00:39:17+00:00,247,461
tensorflow/mesh,2018-09-20 20:23:34+00:00,2020-03-17 23:57:18+00:00,2020-01-27 19:05:03+00:00,493,50
tensorflow/metadata,2017-06-30 17:48:01+00:00,2020-02-19 18:42:02+00:00,2018-08-31 20:26:09+00:00,427,536
tensorflow/model-analysis,2018-03-23 19:08:49+00:00,2020-03-17 22:53:20+00:00,2018-06-01 22:48:28+00:00,70,655
tensorflow/model-optimization,2018-10-31 20:34:28+00:00,2020-03-18 08:00:03+00:00,2019-04-29 04:40:41+00:00,179,324
tensorflow/moonlight,2018-04-17 16:05:02+00:00,2020-02-07 19:49:53+00:00,2018-04-17 19:40:28+00:00,0,661
tensorflow/neural-structured-learning,2019-08-27 21:48:16+00:00,2020-03-16 20:16:30+00:00,2019-08-29 02:40:34+00:00,1,200
tensorflow/ngraph-bridge,2019-02-20 17:59:47+00:00,2020-03-02 23:30:42+00:00,2018-11-29 20:57:45+00:00,-83,459
tensorflow/nmt,2017-06-29 00:35:52+00:00,2019-02-13 19:16:47+00:00,2017-05-30 01:28:22+00:00,-30,624
tensorflow/privacy,2018-12-21 18:46:46+00:00,2020-03-10 21:16:46+00:00,2019-01-15 00:02:35+00:00,24,420
tensorflow/probability,2017-10-23 23:50:54+00:00,2020-03-17 21:31:43+00:00,2018-06-15 23:38:11+00:00,234,640
tensorflow/profiler-ui,2018-02-07 17:02:39+00:00,2019-09-10 15:53:51+00:00,2018-05-14 15:19:33+00:00,95,484
tensorflow/ranking,2018-12-03 20:48:57+00:00,2020-03-06 00:15:52+00:00,2020-02-05 20:52:07+00:00,429,29
tensorflow/swift-apis,2019-02-12 00:25:51+00:00,2020-03-18 01:26:35+00:00,2020-01-14 22:53:10+00:00,336,63
tensorflow/swift-bindings,2018-05-11 14:59:13+00:00,2019-06-10 22:02:51+00:00,2019-05-23 16:34:09+00:00,377,18
tensorflow/swift-models,2018-04-24 19:21:41+00:00,2020-03-16 14:48:52+00:00,2019-12-04 19:15:17+00:00,588,102
tensorflow/tcav,2018-07-03 17:45:35+00:00,2020-03-10 12:39:32+00:00,2019-05-28 17:53:54+00:00,329,286
tensorflow/tensor2tensor,2017-06-15 16:57:39+00:00,2020-03-10 18:34:38+00:00,2020-01-23 23:00:52+00:00,952,46
tensorflow/tensorboard-plugin-example,2017-07-20 00:41:54+00:00,2019-08-09 20:23:15+00:00,2017-10-06 01:56:57+00:00,78,672
tensorflow/tensorrt,2018-11-14 20:22:24+00:00,2020-01-14 19:39:18+00:00,2019-08-16 20:19:02+00:00,274,150
tensorflow/text,2019-05-29 22:10:03+00:00,2020-03-17 19:05:43+00:00,2020-01-29 18:08:17+00:00,244,48
tensorflow/tfjs,2018-03-05 05:41:02+00:00,2020-03-16 21:29:16+00:00,2018-04-26 00:01:31+00:00,51,690
tensorflow/tfjs-converter,2018-01-22 19:40:46+00:00,2019-08-15 15:48:23+00:00,2018-04-26 00:01:31+00:00,93,476
tensorflow/tfjs-examples,2018-03-05 05:43:46+00:00,2020-01-09 22:37:10+00:00,2018-03-30 05:26:10+00:00,24,650
tensorflow/tfjs-models,2018-04-03 21:04:35+00:00,2020-03-11 13:46:40+00:00,2019-12-06 16:50:53+00:00,611,95
tensorflow/tfx,2019-02-04 17:14:36+00:00,2020-03-17 13:25:59+00:00,2019-10-29 23:36:06+00:00,267,139
tensorflow/tfx-bsl,2019-08-14 20:37:44+00:00,2020-03-16 20:30:59+00:00,2020-01-02 19:29:15+00:00,140,74
tensorflow/tpu,2017-07-11 23:54:39+00:00,2020-03-17 21:32:15+00:00,2018-01-24 21:04:06+00:00,196,783
tensorflow/transform,2017-02-10 00:36:53+00:00,2020-03-13 20:13:49+00:00,2018-09-24 20:18:24+00:00,591,535
tensorflow/workshops,2017-08-17 17:17:25+00:00,2020-03-07 00:32:08+00:00,2019-10-01 18:28:01+00:00,775,157
thread/django-lightweight-queue,2012-07-25 01:38:31+00:00,2020-02-19 17:13:47+00:00,2020-01-23 12:18:38+00:00,2738,27
thread/wide-product,2017-04-05 12:52:53+00:00,2018-05-09 13:48:25+00:00,2017-04-05 10:50:20+00:00,-1,399
translate/terminator,2012-12-12 16:05:13+00:00,2017-08-30 11:04:57+00:00,2017-08-28 10:09:15+00:00,1719,2
trevor/mailman3,2013-04-09 19:28:13+00:00,2014-04-28 15:23:35+00:00,2007-06-28 05:11:50+00:00,-2113,2496
tst/domainbot,2014-05-22 09:08:31+00:00,2014-06-02 12:21:51+00:00,2014-06-02 12:21:51+00:00,11,0
tundra/hemingway,2014-02-21 09:26:32+00:00,2014-07-28 07:44:00+00:00,2014-07-28 07:44:00+00:00,156,0
tundra/plankton,2016-08-01 19:20:38+00:00,2016-10-18 09:59:25+00:00,2016-09-27 12:58:40+00:00,56,20
uber/fbthrift,2015-02-27 06:23:43+00:00,2015-02-28 00:23:24+00:00,2014-12-18 22:49:10+00:00,-71,71
uber/ludwig,2018-12-27 23:58:12+00:00,2020-03-17 19:44:51+00:00,2019-04-24 01:08:21+00:00,117,328
uber/sublime-phabricator,2014-02-08 03:25:05+00:00,2015-04-29 22:27:52+00:00,2015-03-04 08:33:23+00:00,389,56
uber/tchannel-python,2015-07-10 23:35:17+00:00,2019-10-22 21:30:46+00:00,2016-04-04 20:40:27+00:00,268,1296
udacity/deep-learning,2017-01-13 16:27:59+00:00,2018-12-22 21:54:45+00:00,2017-03-16 05:11:28+00:00,61,646
udacity/ggplot,2015-09-17 18:53:28+00:00,2015-08-20 13:39:50+00:00,2014-03-31 03:05:10+00:00,-536,507
uncovertruth/py-geohex3,2015-04-22 05:19:04+00:00,2019-10-22 12:13:55+00:00,2019-10-22 11:21:35+00:00,1644,0
underdogio/api-pagination,2015-04-24 23:32:31+00:00,2015-04-27 17:22:19+00:00,2015-04-27 17:17:57+00:00,2,0
underdogio/flask-sqlalchemy,2015-07-16 23:52:33+00:00,2015-03-26 17:19:17+00:00,2015-03-26 17:15:36+00:00,-113,0
vecna/onionshare,2014-09-14 21:36:27+00:00,2014-09-16 16:54:54+00:00,2014-09-16 02:09:37+00:00,1,0
venmo/ansible,2015-08-07 22:16:19+00:00,2015-08-07 21:55:39+00:00,2015-04-28 15:32:11+00:00,-102,101
vfine/webplatform,2016-02-15 18:21:30+00:00,2017-09-24 22:50:28+00:00,2016-02-15 18:47:19+00:00,0,587
viblo/pymunk,2013-10-02 14:36:46+00:00,2020-02-27 19:54:10+00:00,2012-08-21 21:35:18+00:00,-407,2745
wakatime/sublime-wakatime,2013-07-02 05:43:11+00:00,2020-03-01 18:01:52+00:00,2020-03-01 18:01:52+00:00,2434,0
xeneta/LeadQualifier,2016-06-03 12:15:54+00:00,2016-11-16 15:51:43+00:00,2016-06-13 14:15:01+00:00,10,156
yahoo/TensorFlowOnSpark,2017-01-20 18:15:57+00:00,2020-03-16 17:50:32+00:00,2018-05-17 18:06:41+00:00,481,668
yahoo/lopq,2015-12-22 21:40:24+00:00,2017-12-16 00:29:23+00:00,2015-12-22 04:37:24+00:00,-1,724
yahoo/serviceping,2015-05-15 18:53:18+00:00,2020-03-13 15:15:20+00:00,2017-01-20 21:19:48+00:00,616,1147
zadgroup/edx-platform,2015-05-06 09:49:42+00:00,2015-07-11 00:06:38+00:00,2014-09-17 15:25:00+00:00,-231,296
zegami/image-similarity-clustering,2017-09-10 15:51:11+00:00,2019-10-05 15:09:14+00:00,2017-09-27 08:25:33+00:00,16,738
